,name,image_url,price,discount,availability,specification
0,,https://i.ebayimg.com/images/g/CyEAAOSwevhmXiBC/s-l500.webp,US $168.99,(16% off),Limited quantity available,"{'Condition': 'Excellent - Refurbished', 'Seller Notes': '“Seagate Factory Renewed, 0 Hours, Zero Bad sectors, 5 Years Warranty from Reseller.”', 'Compatible With': 'PC', 'Custom Bundle': 'Yes', 'Color': 'Silver', 'MPN': 'ST18000NE000', 'Rotation Speed': '7200 RPM', 'Brand': 'ST', 'Form Factor': '3.5 in', 'Type': 'Internal Desktop Drive', 'Read Speed': '535MB/s', 'Drive Type(s) Supported': 'HDD', 'Manufacturer Warranty': '5 Years', 'Model': 'Seagate IronWolf Pro', 'Transfer Rate': '550 Mbps', 'Storage Format': 'HDD Only', 'Features': 'Low Noise Level', 'Storage Capacity': '6 GB', 'Country/Region of Manufacture': 'China', 'Interface': 'SATA III', 'Product Line': 'IronWolf', 'Cache': '256 MB', 'UPC': 'Does not apply'}"
1,,https://i.ebayimg.com/images/g/LnQAAOSwhIJkphPM/s-l400.webp,US $154.99,(9% off),Limited quantity available,"{'Condition': 'Excellent - Refurbished', 'Seller Notes': '“Factory Recertified, Zero Bad Sectors, 0 Hours, 5 Year Warranty from Reseller”', 'Compatible With': 'PC', 'Color': 'Green', 'MPN': 'ST16000NM001G', 'Rotation Speed': '7200 RPM', 'Brand': 'ST', 'Form Factor': '3.5 in', 'Type': 'Internal Desktop Drive', 'Drive Type(s) Supported': 'HDD', 'Model': 'Seagate Exos X16', 'Features': 'Hot Plug Support', 'Storage Capacity': '16 TB', 'Interface': 'SATA I', 'Cache': '256 MB', 'Product Line': 'SEAGATE'}"
2,Seagate ST24000NM002H 24TB HDD Exos X24 HD 3.5 SATA 7200 Seagate Warranty $MAG47,https://i.ebayimg.com/images/g/0E4AAOSwcbNlquto/s-l400.webp,US $439.98/ea,,Limited quantity available,"{'Condition': 'New: A brand-new, unused, unopened, undamaged item in its original packaging (where packaging is ...  Read moreabout the condition', 'Compatible With': 'PC', 'Color': 'Black, Green', 'MPN': 'ST24000NM002H', 'Rotation Speed': '7200 RPM', 'Brand': 'Seagate', 'Form Factor': '3.5 in', 'Type': 'Internal Desktop Drive', 'Read Speed': 'NA', 'Drive Type(s) Supported': 'HDD', 'Manufacturer Warranty': '5 Years', 'Model': 'ST24000NM002H', 'Transfer Rate': 'NA', 'Storage Format': 'NA', 'Features': 'Powerful performance. Proven technology. Scalable design.', 'Storage Capacity': '24 TB', 'Interface': 'SATA 6Gb/s', 'Product Line': 'Exos', 'Cache': 'NA', 'UPC': '763649174883'}"
3,Synology 4-Bay NAS DiskStation DS923+,https://i.ebayimg.com/images/g/m7QAAOSwdFhnKqxW/s-l400.webp,US $611.99,(7% off),Limited quantity available,"{'Condition': 'New: A brand-new, unused, unopened, undamaged item in its original packaging (where packaging is ...  Read moreabout the condition', 'Form Factor': '4-Bay', 'MPN': 'DS923+', 'Color': 'Black', 'Brand': 'Synology', 'Compatible With': '3.5"" SATA HDD, 2.5"" SATA SSD, M.2 2280 NVMe SSD', 'Type': 'External Drive', 'USB Specification': '1 x USB3.2', 'Model': 'DS923+', 'Storage Capacity': 'Diskless System', 'UPC': '846504004454'}"
4,WD_BLACK 2TB SN850X NVMe Internal SSD with Heatsink - WDS200T2XHE-00BCA0,https://i.ebayimg.com/images/g/bp4AAOSwPSpnPxPD/s-l1600.webp,US $149.99,,Limited quantity available,"{'Condition': 'New: A brand-new, unused, unopened, undamaged item in its original packaging (where packaging is ...  Read moreabout the condition', 'Brand': 'WD_BLACK', 'Manufacturer Part Number': 'WDS200T2XHE00BCA0', 'Type': 'Do Not Apply', 'Storage Capacity': '2TB', 'Product Line': 'wd-black-sn850x-nvme-ssd', 'Interface': 'PCIe Gen4 x4', 'Drive Type': 'Drive', 'Item Length': '3.15', 'Item Width': '0.92', 'Item Height': '0.35', 'UPC': '718037891309'}"
5,"Seagate EXOS X16 ST16000NM001G 16TB 256MB 7200rpm 3.5"" SATA 6Gb/s Enterprise HDD",https://i.ebayimg.com/images/g/lyEAAOSwwohkHjSU/s-l400.webp,US $178.50,,Limited quantity available,"{'Condition': 'New: A brand-new, unused, unopened, undamaged item in its original packaging (where packaging is ...  Read moreabout the condition', 'Compatible With': 'PC', 'Color': 'Green', 'MPN': 'ST16000NM001G', 'Rotation Speed': '7200 RPM', 'Brand': 'Seagate', 'Form Factor': '3.5 in', 'Type': 'Internal Desktop Drive', 'Drive Type(s) Supported': 'HDD', 'Model': 'Seagate Exos X16', 'Features': 'Hot Plug Support', 'Storage Capacity': '16 TB', 'Interface': 'SATA I', 'Cache': '256 MB', 'Product Line': 'SEAGATE'}"
6,Fanxiang 2TB 1TB Gaming SSD For PS5 PCIe 4.0 NVMe M.2 Internal Solid State Drive,https://i.ebayimg.com/images/g/oyYAAOSw7YFli5Eg/s-l400.webp,US $38.99/ea,,Limited quantity available,"{'Condition': 'New: A brand-new, unused, unopened, undamaged item in its original packaging (where packaging is ...  Read moreabout the condition', 'Features': 'Low energy consumption, Fast heat dissipation, Low noise, Wide use, Fast speed', 'Manufacturer Warranty': '5 Years', 'MPN': 'Does not apply', 'Interface': 'M.2 2280（ PCIe Gen4x4，NVMe1.4 )', 'Cache': 'HMB+ SLC Cache', 'Storage Capacity': '1TB,2TB,4TB', 'Read Speed': '5200MB/s', 'System Compatibility': 'Windows®: 7, 8, 10, 11 ;Linux', 'Compatible With': 'Laptop, Mac, Memory Vault, PC, PS5', 'Dimensions': '80mm(L)x22mm(W)x2.9mm(H', 'Storage Format': 'SSD', 'Country/Region of Manufacture': 'China', 'Transfer Rate': '64Gbps', 'Model': 'S690Q', 'Product Line': 'Fanxiang SSD', 'Drive Type(s) Supported': 'Internal SSD', 'Form Factor': '2280', 'Brand': 'Fanxiang', 'Color': 'Black', 'Write Speed': '4700MB/s', 'Type': 'Internal SSD'}"
7,Seagate Exos X10 10TB 7200RPM 256M SATA 6Gb/s 3.5'' Enterprise HDD ST10000NM0126,https://i.ebayimg.com/images/g/auwAAOSwHINkphk-/s-l1600.webp,US $99.99,(9% off),Limited quantity available,"{'Condition': 'New: A brand-new, unused, unopened, undamaged item in its original packaging (where packaging is ...  Read moreabout the condition', 'Brand': 'Seagate', 'Form Factor': '3.5 in', 'Type': 'Hard Drive', 'Drive Type(s) Supported': 'HDD', 'Model': 'ST10000NM0126', 'MPN': '1TT131-180', 'Storage Capacity': '10 TB', 'Interface': 'SATA III', 'Rotation Speed': '7200 RPM', 'Cache': '256 MB'}"
8,"Seagate EXOS X16 ST14000NM005G 14TB 256MB 7200rpm 3.5"" SATA 6Gb/s Enterprise HDD",https://i.ebayimg.com/images/g/8D8AAOSwvBRl8zYT/s-l1600.webp,US $138.88,(7% off),Limited quantity available,"{'Condition': 'New: A brand-new, unused, unopened, undamaged item in its original packaging (where packaging is ...  Read moreabout the condition', 'Compatible With': 'PC', 'Color': 'Green', 'MPN': 'ST14000NM005G', 'Rotation Speed': '7200 RPM', 'Brand': 'ST', 'Form Factor': '3.5 in', 'Type': 'Internal Desktop Drive', 'Drive Type(s) Supported': 'HDD', 'Model': 'Seagate Exos X16', 'Features': 'Hot Plug Support', 'Storage Capacity': '14 TB', 'Interface': 'SATA III', 'Cache': '256 MB', 'Product Line': 'SEAGATE'}"
9,"New Seagate IronWolf Pro 12TB 7200RPM SATA 6Gb/s 3.5"" NAS HDD ST12000NE0008",https://i.ebayimg.com/images/g/8MAAAOSw5mpmzuIU/s-l400.webp,US $159.90,,Limited quantity available,"{'Condition': 'New: A brand-new, unused, unopened, undamaged item in its original packaging (where packaging is ...  Read moreabout the condition', 'Compatible With': 'Laptop, Memory Vault, PC', 'Color': 'Silver', 'MPN': 'ST12000VN0008', 'Rotation Speed': '7200 RPM', 'Brand': 'Seagate', 'Form Factor': '3.5 in', 'Type': 'Internal Desktop Drive', 'Drive Type(s) Supported': 'HDD', 'Model': 'ST12000NE0008', 'Features': 'Hot Plug Support, Hot Swap, Low Noise Level', 'Storage Capacity': '12 TB', 'Interface': 'SATA III', 'Cache': '256 MB', 'Product Line': 'IronWolf'}"
10,Netac 1TB 2TB 512GB Internal SSD 2.5'' SATA III 6Gb/s Solid State Drive lot,https://i.ebayimg.com/images/g/pJUAAOSwFaRkhuj-/s-l1600.webp,US $12.59,,Limited quantity available,"{'Condition': 'New: A brand-new, unused, unopened, undamaged item in its original packaging (where packaging is ...  Read moreabout the condition', 'Brand': 'Netac', 'Form Factor': '2.5 in', 'Compatible With': 'Laptop, Mac, Memory Vault, PC', 'Type': 'Internal SSD', 'Read Speed': '500MB/s', 'Drive Type(s) Supported': 'SSD (Solid State Drive)', 'Color': 'Black', 'Transfer Rate': '500MB/s', 'Write Speed': '400mb/s', 'Interface': 'SATA I, SATA II, SATA III'}"
11,"✅Micron MTFDDAK960TGA-1BC1ZABYY 5400 PRO 960GB, SATA, 2.5"", 3D TLC, 7mm SSD",https://i.ebayimg.com/images/g/zGEAAOSwNLxjpjY0/s-l1600.webp,US $233.39,,Limited quantity available,"{'Condition': 'New: A brand-new, unused, unopened, undamaged item in its original packaging (where packaging is ...  Read moreabout the condition', 'Brand': 'Micron', 'Form Factor': '2.5 in', 'Type': 'Internal SSD', 'Drive Type(s) Supported': 'SSD (Solid State Drive)', 'Model': 'MTFDDAK960TGA-1BC1ZABYYR', 'Storage Format': 'HDD & SSD', 'MPN': 'MTFDDAK960TGA-1BC1ZABYYR', 'Bundle Listing': 'No', 'Storage Capacity': '960 GB', 'SATA Form Factor': '2.5 in', 'Interface': 'SATA 6.0 Gbps', 'UPC': 'Does not apply'}"
12,Synology 8 bay NAS DiskStation DS1821+ (Diskless),https://i.ebayimg.com/images/g/ouEAAOSw5OJlDdkG/s-l1600.webp,"US $1,019.99",,Limited quantity available,"{'Condition': 'New: A brand-new, unused, unopened, undamaged item in its original packaging (where packaging is ...  Read moreabout the condition', 'Type': 'External Drive', 'MPN': 'DS1821+', 'USB Specification': 'USB 3.0', 'Storage Capacity': '144 TB', 'Brand': 'Synology', 'Color': 'Black', 'Model': 'ds1821+', 'Compatible With': '3.5"" SATA HDD, 2.5"" SATA HDD, 2.5"" SATA SSD, M.2 2280 NVMe SSD', 'Form Factor': '8-Bay', 'Interface': 'NVME, M.2, Ethernet, USB, USB-A, eSATA, Gigabit Ethernet', 'UPC': '846504003976'}"
13,"Samsung 7.68 TB Solid State Drive - 2.5"" Internal SSD - SA-QL27T600",https://i.ebayimg.com/images/g/WKEAAOSwJ9Nj0Qv4/s-l400.webp,US $900.00,,Limited quantity available,"{'Condition': 'New: A brand-new, unused, unopened, undamaged item in its original packaging (where packaging is ...  Read moreabout the condition', 'UPC': '0887276642147', 'Compatible With': 'PC', 'Color': 'Black', 'MPN': 'MZ-QL27T600', 'Brand': 'Samsung', 'Form Factor': '2.5 in', 'Type': 'Internal SSD', 'Read Speed': '6700 MB/s', 'Drive Type(s) Supported': 'SSD (Solid State Drive), Internal SSD', 'Model': 'Samsung PM9A3', 'Features': 'Hybrid (HDD/SSD), Secure Encryption', 'Storage Capacity': '7.68 TB', 'Write Speed': '4x', 'Interface': 'NVME, PCI Express', 'Product Line': 'Enterprise'}"
14,Seagate Exos X24 24TB SATA HDD ST24000NM002H 7.2K RPM 6Gb/s 512e 3.5in 512MB,https://i.ebayimg.com/images/g/RcgAAOSwwepmtTSH/s-l1600.webp,US $459.99/ea,,Limited quantity available,"{'Condition': 'New: A brand-new, unused, unopened, undamaged item in its original packaging (where packaging is ...  Read moreabout the condition', 'Compatible With': 'Data Center', 'Color': 'Silver', 'MPN': 'ST24000NM002H', 'Rotation Speed': '7200 RPM', 'Brand': 'Seagate', 'Form Factor': '3.5 in', 'Type': 'Internal Enterprise Drive', 'Read Speed': '285 MB/s', 'Drive Type(s) Supported': 'HDD', 'Transfer Rate': '6 Gb/s', 'Model': 'Seagate Exos X24', 'Storage Format': 'SATA', 'Features': 'Hot Plug Support', 'Storage Capacity': '24 TB', 'Country/Region of Manufacture': 'Thailand', 'Interface': 'SATA III', 'Cache': '512 MB', 'Product Line': 'Seagate Exos X', 'UPC': '8719706431118'}"
15,"Patriot P220 128GB 256GB 512GB 1TB 2TB 2.5"" SATA 3 6GB/s Internal SSD PC/MAC Lot",https://i.ebayimg.com/images/g/1-gAAOSw-jtlQCtr/s-l1600.webp,US $15.29/ea,,Limited quantity available,"{'Condition': 'New: A brand-new, unused, unopened, undamaged item in its original packaging (where packaging is ...  Read moreabout the condition', 'Compatible With': 'Laptop, Mac, Memory Vault, PC', 'Color': 'Black', 'MPN': 'P220S128G25, P220S256G25, P220S512G25, P220S1TB25, P220S2TB25', 'Item Length': '3.93""', 'Brand': 'Patriot Memory', 'Form Factor': '2.5 in', 'Type': 'Internal SSD', 'Read Speed': '550MB/s', 'Drive Type(s) Supported': 'Internal SSD, SSD (Solid State Drive)', 'Manufacturer Warranty': '3 Years', 'Item Height': '0.15""', 'Model': 'Patriot P220', 'Transfer Rate': '550MB/s', 'Storage Format': 'SSD, Internal SSD', 'Features': 'Low Noise Level, RoHS Compliant, Shockproof, Shock Resistant, Temperature Sensor, Water Resistant, O/S Supported: Windows® 7* / 8.0* / 8.1 / 10 / 11, S.M.A.R.T. health information supported, TRIM command supported', 'Write Speed': '480MB/s (128GB), 490MB/s (256GB), 500MB/s (512GB, 1TB and 2TB)', 'Storage Capacity': '128GB 256GB 512GB 1TB 2TB', 'Country/Region of Manufacture': 'Taiwan', 'Interface': 'SATA III', 'Item Width': '2.75""', 'Product Line': 'SSD'}"
16,Western Digital 4TB WD Red SA500 NAS SATA SSD 2.5”/7mm Cased WDS400T2R0A-68CKB0,https://i.ebayimg.com/images/g/XIcAAOSwuqRnKtEw/s-l1600.webp,US $309.99,,Limited quantity available,"{'Condition': 'New: A brand-new, unused, unopened, undamaged item in its original packaging (where packaging is ...  Read moreabout the condition', 'Brand': 'WD', 'Manufacturer Part Number': 'WDS400T2R0A68CKB0', 'Type': 'Do Not Apply', 'Color': 'Red', 'Storage Capacity': '4TB', 'Product Line': 'wd-red-sata-2-5-ssd', 'Interface': 'SATA', 'Drive Type': 'Drive', 'Item Length': '3.94', 'Item Width': '2.75', 'Item Height': '0.28', 'UPC': '718037903620'}"
17,"Samsung - T5 EVO Portable SSD 8TB, Up to 460MB/s , USB 3.2 Gen 1, Ideal use f...",https://i.ebayimg.com/images/g/cJQAAOSwPFJl1izM/s-l400.webp,US $429.99,,Limited quantity available,"{'Condition': 'New: A brand-new, unused, unopened, undamaged item in its original packaging (where packaging is ...  Read moreabout the condition', 'Brand': 'Samsung', 'MPN': 'MU-PH8T0S/AM', 'UPC': '887276746210', 'Manufacturer Warranty': 'Yes', 'Warranty - Parts': '3 years', 'Warranty - Labor': '3 years', 'Type': 'N/A'}"
18,"Samsung - T9 Portable SSD 4TB, Up to 2,000MB/s, USB 3.2 Gen2 - Black",https://i.ebayimg.com/images/g/dEoAAOSwIHBlOXwe/s-l1600.webp,US $329.99,,Limited quantity available,"{'Condition': 'New: A brand-new, unused, unopened, undamaged item in its original packaging (where packaging is ...  Read moreabout the condition', 'Brand': 'Samsung', 'MPN': 'MU-PG4T0B/AM', 'UPC': '887276664521', 'Manufacturer Warranty': 'Yes', 'Warranty - Parts': 'Limited 5-year', 'Warranty - Labor': 'Limited 5-year', 'Type': 'N/A'}"
19,Samsung - T7 1TB External USB 3.2 Gen 2 Portable SSD with Hardware Encryption...,https://i.ebayimg.com/images/g/4FYAAOSw2QZeztHK/s-l1600.webp,US $99.99,,Limited quantity available,"{'Condition': 'New: A brand-new, unused, unopened, undamaged item in its original packaging (where packaging is ...  Read moreabout the condition', 'Brand': 'Samsung', 'MPN': 'MU-PC1T0T/AM', 'UPC': '887276410791', 'Manufacturer Warranty': 'Yes', 'Warranty - Parts': 'Limited 3 year', 'Warranty - Labor': 'Limited 3 year', 'Type': 'N/A'}"
20,SanDisk - Extreme Pro Portable 2TB External USB-C NVMe SSD - Black,https://i.ebayimg.com/images/g/bNAAAOSwR-Rf~Ilm/s-l1600.webp,US $184.99,,Limited quantity available,"{'Condition': 'New: A brand-new, unused, unopened, undamaged item in its original packaging (where packaging is ...  Read moreabout the condition', 'Brand': 'SanDisk', 'MPN': 'SDSSDE81-2T00-G25', 'UPC': '619659181314', 'Manufacturer Warranty': 'Yes', 'Warranty - Parts': '5 Years', 'Warranty - Labor': '5 years', 'Type': 'N/A'}"
21,SanDisk - Extreme Pro Portable 4TB External USB-C NVMe SSD - Black,https://i.ebayimg.com/images/g/4VcAAOSw8vxnPpVO/s-l1600.webp,US $304.99,,Limited quantity available,"{'Condition': 'New: A brand-new, unused, unopened, undamaged item in its original packaging (where packaging is ...  Read moreabout the condition', 'Brand': 'SanDisk', 'MPN': 'SDSSDE81-4T00-G25', 'UPC': '619659184735', 'Manufacturer Warranty': 'Yes', 'Warranty - Parts': '5 Years', 'Warranty - Labor': '5 years', 'Type': 'N/A'}"
22,WD - easystore 20TB External USB 3.0 Hard Drive - Black,https://i.ebayimg.com/images/g/xH8AAOSw0H1m6tcU/s-l400.webp,US $319.99,,Limited quantity available,"{'Condition': 'New: A brand-new, unused, unopened, undamaged item in its original packaging (where packaging is ...  Read moreabout the condition', 'Brand': 'WD', 'MPN': 'WDBAMA0200HBK-NESN', 'UPC': '718037896762', 'Manufacturer Warranty': 'Yes', 'Warranty - Parts': '2 years', 'Warranty - Labor': '2 years', 'Type': 'External Hard Drives', 'Storage Capacity': '20000 gigabytes', 'Interface': 'Micro-USB Type B', 'Color': 'Black'}"
23,SanDisk - Extreme Portable 4TB External USB-C NVMe SSD - Black,https://i.ebayimg.com/images/g/BgwAAOSwl7phsOvH/s-l1600.webp,US $259.99,,Limited quantity available,"{'Condition': 'New: A brand-new, unused, unopened, undamaged item in its original packaging (where packaging is ...  Read moreabout the condition', 'Brand': 'SanDisk', 'MPN': 'SDSSDE61-4T00-G25', 'UPC': '619659184704', 'Manufacturer Warranty': 'Yes', 'Warranty - Parts': '5 Years', 'Warranty - Labor': '5 years', 'Type': 'N/A'}"
24,PNY - CS900 1TB Internal SSD SATA,https://i.ebayimg.com/images/g/oywAAOSwSbdnJgmb/s-l1600.webp,US $52.99,,Limited quantity available,"{'Condition': 'New: A brand-new, unused, unopened, undamaged item in its original packaging (where packaging is ...  Read moreabout the condition', 'Brand': 'PNY', 'MPN': 'SSD7CS900-1TB-RB', 'UPC': '751492629964', 'Manufacturer Warranty': 'Yes', 'Warranty - Parts': '3 years', 'Warranty - Labor': '3 years', 'Type': 'N/A'}"
25,Crucial - P3 Plus 2TB Internal SSD PCIe Gen 4 x4 NVMe,https://i.ebayimg.com/images/g/hpAAAOSw6zJnJdR8/s-l400.webp,US $117.99,,Limited quantity available,"{'Condition': 'New: A brand-new, unused, unopened, undamaged item in its original packaging (where packaging is ...  Read moreabout the condition', 'Brand': 'Crucial', 'MPN': 'CT2000P3PSSD8', 'UPC': '649528918840', 'Manufacturer Warranty': 'Yes', 'Warranty - Parts': '5 years', 'Warranty - Labor': 'Not applicable', 'Type': 'N/A'}"
26,Seagate - Expansion 14TB External USB 3.0 Desktop Hard Drive with Rescue Data...,https://i.ebayimg.com/images/g/W7YAAOSwkNlnPpXO/s-l400.webp,US $199.99,,Limited quantity available,"{'Condition': 'New: A brand-new, unused, unopened, undamaged item in its original packaging (where packaging is ...  Read moreabout the condition', 'Brand': 'Seagate', 'MPN': 'STKP14000400', 'UPC': '763649160688', 'Manufacturer Warranty': 'Yes', 'Warranty - Parts': 'Not provided', 'Warranty - Labor': 'Not provided', 'Type': 'External Hard Drives', 'Storage Capacity': '14000 gigabytes', 'Interface': 'USB Type A (USB 3.2 Gen1)', 'Color': 'Black'}"
27,Seagate - Expansion 8TB External USB 3.0 Desktop Hard Drive with Rescue Data ...,https://i.ebayimg.com/images/g/gJYAAOSwLhpnPgkS/s-l1600.webp,US $149.99,,Limited quantity available,"{'Condition': 'New: A brand-new, unused, unopened, undamaged item in its original packaging (where packaging is ...  Read moreabout the condition', 'Brand': 'Seagate', 'MPN': 'STKP8000400', 'UPC': '763649160657', 'Manufacturer Warranty': 'Yes', 'Warranty - Parts': 'Not provided', 'Warranty - Labor': 'Not provided', 'Type': 'External Hard Drives', 'Storage Capacity': '8000 gigabytes', 'Interface': 'USB Type A (USB 3.2 Gen1)', 'Color': 'Black'}"
28,Samsung - 990 PRO 1TB Internal SSD PCle Gen 4x4 NVMe,https://i.ebayimg.com/images/g/EV4AAOSw~0Rm8z~U/s-l1600.webp,US $119.99,,Limited quantity available,"{'Condition': 'New: A brand-new, unused, unopened, undamaged item in its original packaging (where packaging is ...  Read moreabout the condition', 'Brand': 'Samsung', 'MPN': 'MZ-V9P1T0B/AM', 'UPC': '887276657004', 'Manufacturer Warranty': 'Yes', 'Warranty - Parts': '5 Years', 'Warranty - Labor': '5 years', 'Type': 'N/A'}"
29,Crucial - P3 Plus 1TB Internal SSD PCIe Gen 4 x4 NVMe,https://i.ebayimg.com/images/g/8BUAAOSwsNZnJZVN/s-l1600.webp,US $59.99,,Limited quantity available,"{'Condition': 'New: A brand-new, unused, unopened, undamaged item in its original packaging (where packaging is ...  Read moreabout the condition', 'Brand': 'Crucial', 'MPN': 'CT1000P3PSSD8', 'UPC': '649528918833', 'Manufacturer Warranty': 'Yes', 'Warranty - Parts': '5 years', 'Warranty - Labor': 'Not applicable', 'Type': 'N/A'}"
30,WD - BLACK SN850X 2TB Internal SSD PCIe Gen 4 x4 NVMe,https://i.ebayimg.com/images/g/~~sAAOSw3lhnJcCu/s-l1600.webp,US $151.99,,Limited quantity available,"{'Condition': 'New: A brand-new, unused, unopened, undamaged item in its original packaging (where packaging is ...  Read moreabout the condition', 'Brand': 'WD', 'MPN': 'WDBB9G0020BNC-WRSN', 'UPC': '619659193447', 'Manufacturer Warranty': 'Yes', 'Warranty - Parts': '5 Years', 'Warranty - Labor': '5 years', 'Type': 'N/A'}"
31,"Samsung - 990 EVO SSD 1TB Internal SSD PCIe Gen 4x4 | Gen 5x2 M.2 2280, Speed...",https://i.ebayimg.com/images/g/bdkAAOSwQY5l1iyr/s-l400.webp,US $74.99,,Limited quantity available,"{'Condition': 'New: A brand-new, unused, unopened, undamaged item in its original packaging (where packaging is ...  Read moreabout the condition', 'Brand': 'Samsung', 'MPN': 'MZ-V9E1T0B/AM', 'UPC': '887276812519', 'Manufacturer Warranty': 'Yes', 'Warranty - Parts': 'Five (5) Year Limited Warranty', 'Warranty - Labor': 'Five (5) Year Limited Warranty', 'Type': 'N/A'}"
32,,https://i.ebayimg.com/images/g/WCwAAOSwyR9myPIH/s-l400.webp,US $134.99,,Limited quantity available,"{'Condition': 'Excellent - Refurbished', 'Seller Notes': ""“Geek Squad's Certified refurbished products are repaired and/or restored to a like-new state by one ...  Read moreabout the seller notes"", 'Brand': 'Samsung', 'MPN': 'GSRF MZ-V9P2T0B/AM', 'UPC': '400065653645', 'Manufacturer Warranty': 'Yes', 'Warranty - Parts': '90 days', 'Warranty - Labor': '90 days', 'Type': 'N/A'}"
33,,https://i.ebayimg.com/images/g/~aEAAOSw3GRkzA2P/s-l1600.webp,US $39.99,,Limited quantity available,"{'Condition': 'Excellent - Refurbished', 'Seller Notes': ""“Geek Squad's Certified refurbished products are repaired and/or restored to a like-new state by one ...  Read moreabout the seller notes"", 'Brand': 'Samsung', 'MPN': 'GSRF MZ-77E500B/AM', 'UPC': '400064516880', 'Manufacturer Warranty': 'Yes', 'Warranty - Parts': '90 Days', 'Warranty - Labor': '90 days', 'Type': 'N/A'}"
34,WD - Red Pro 20TB NAS Internal Hard Drive,https://i.ebayimg.com/images/g/IGIAAOSw0Wpm8xWo/s-l1600.webp,US $419.99,,Limited quantity available,"{'Condition': 'New: A brand-new, unused, unopened, undamaged item in its original packaging (where packaging is ...  Read moreabout the condition', 'Brand': 'WD', 'MPN': 'WD201KFGX', 'UPC': '718037894164', 'Manufacturer Warranty': 'Yes', 'Warranty - Parts': '5 years', 'Warranty - Labor': '5 years', 'Type': 'N/A'}"
35,,https://i.ebayimg.com/images/g/8ssAAOSwToxl1jIF/s-l1600.webp,US $269.99,,Limited quantity available,"{'Condition': 'Excellent - Refurbished', 'Seller Notes': ""“Geek Squad's Certified refurbished products are repaired and/or restored to a like-new state by one ...  Read moreabout the seller notes"", 'Brand': 'Samsung', 'MPN': 'GSRF MU-PG4T0B/AM', 'UPC': '400065710652', 'Manufacturer Warranty': 'Yes', 'Warranty - Parts': '90 days', 'Warranty - Labor': '90 days', 'Type': 'N/A'}"
36,"Samsung - 990 EVO PLUS SSD 1TB, PCIe Gen 4x4 | 5x2 M.2 2280, Speeds Up to 7,1...",https://i.ebayimg.com/images/g/U14AAOSwlMNnPROR/s-l1600.webp,US $84.99,,Limited quantity available,"{'Condition': 'New: A brand-new, unused, unopened, undamaged item in its original packaging (where packaging is ...  Read moreabout the condition', 'Brand': 'Samsung', 'MPN': 'MZ-V9S1T0B/AM', 'UPC': '887276843711', 'Manufacturer Warranty': 'Yes', 'Warranty - Parts': 'Five (5) Year Limited Warranty', 'Warranty - Labor': 'Five (5) Year Limited Warranty', 'Type': 'N/A'}"
37,Seagate - 5TB External USB 3.0 Portable Hard Drive with Rescue Data Recovery ...,https://i.ebayimg.com/images/g/2rAAAOSwP~5nPgij/s-l1600.webp,US $119.99,,Limited quantity available,"{'Condition': 'New: A brand-new, unused, unopened, undamaged item in its original packaging (where packaging is ...  Read moreabout the condition', 'Brand': 'Seagate', 'MPN': 'STGX5000400', 'UPC': '763649138168', 'Manufacturer Warranty': 'Yes', 'Warranty - Parts': '1 year', 'Warranty - Labor': '1 year', 'Type': 'External Hard Drives', 'Storage Capacity': '5000 gigabytes', 'Interface': 'USB Type A (USB 3.0 Gen1)', 'Color': 'Black'}"
38,"Samsung - 990 EVO SSD 2TB Internal SSD PCIe Gen 4x4 | Gen 5x2 M.2 2280, Speed...",https://i.ebayimg.com/images/g/SlwAAOSwc8xl1iz7/s-l400.webp,US $119.99,,Limited quantity available,"{'Condition': 'New: A brand-new, unused, unopened, undamaged item in its original packaging (where packaging is ...  Read moreabout the condition', 'Brand': 'Samsung', 'MPN': 'MZ-V9E2T0B/AM', 'UPC': '887276812526', 'Manufacturer Warranty': 'Yes', 'Warranty - Parts': 'Five (5) Year Limited Warranty', 'Warranty - Labor': 'Five (5) Year Limited Warranty', 'Type': 'N/A'}"
39,,https://i.ebayimg.com/images/g/RqEAAOSwl-Fmxl0B/s-l1600.webp,US $242.99,,Limited quantity available,"{'Condition': 'Excellent - Refurbished', 'Seller Notes': ""“Geek Squad's Certified refurbished products are repaired and/or restored to a like-new state by one ...  Read moreabout the seller notes"", 'Brand': 'Samsung', 'MPN': 'GSRF MU-PE4T0S/AM', 'UPC': '400065455904', 'Manufacturer Warranty': 'Yes', 'Warranty - Parts': '90 days', 'Warranty - Labor': '90 days', 'Type': 'N/A'}"
40,,https://i.ebayimg.com/images/g/WXgAAOSwvVFmxl21/s-l1600.webp,US $74.99,,Limited quantity available,"{'Condition': 'Excellent - Refurbished', 'Seller Notes': ""“Geek Squad's Certified refurbished products are repaired and/or restored to a like-new state by one ...  Read moreabout the seller notes"", 'Brand': 'Samsung', 'MPN': 'GSRF MZ-V8P1T0B/AM', 'UPC': '400064327677', 'Manufacturer Warranty': 'Yes', 'Warranty - Parts': '90 Days', 'Warranty - Labor': '90 days', 'Type': 'N/A'}"
41,Seagate - 2TB External USB 3.0 Portable Hard Drive with Rescue Data Recovery ...,https://i.ebayimg.com/images/g/hkkAAOSwZ3VnPgjl/s-l1600.webp,US $74.99,,Limited quantity available,"{'Condition': 'New: A brand-new, unused, unopened, undamaged item in its original packaging (where packaging is ...  Read moreabout the condition', 'Brand': 'Seagate', 'MPN': 'STGX2000400', 'UPC': '763649127308', 'Manufacturer Warranty': 'Yes', 'Warranty - Parts': '1 year', 'Warranty - Labor': '1 year', 'Type': 'External Hard Drives', 'Storage Capacity': '2000 gigabytes', 'Interface': 'USB Type A (USB 3.0 Gen1)', 'Color': 'Black'}"
42,,https://i.ebayimg.com/images/g/rmoAAOSwUeVlU9~j/s-l1600.webp,US $69.99,(13% off),Limited quantity available,"{'Condition': 'Excellent - Refurbished', 'Seller Notes': '“These HDD is used by Datacenter Servers for about 5 Years period. HDD was refurbished and data ...  Read moreabout the seller notes', 'SATA Form Factor': '3.5""', 'Compatible With': 'PC, Mac', 'Color': 'Silver', 'MPN': 'HUH728080ALE604', 'Item Length': '5.79in.', 'Rotation Speed': '7200 RPM', 'Brand': 'HGST', 'Form Factor': '3.5 in', 'Type': 'Internal Desktop Drive', 'Drive Type(s) Supported': 'HDD', 'Item Height': '3.98in.', 'Transfer Rate': '600 Mbps', 'Model': 'Ultrastar He8', 'Features': 'Hot Swap, Removable', 'Storage Capacity': '8 TB', 'Item Width': '1.03in.', 'Interface': 'SATA III, SATA I', 'Cache': '128 MB', 'Product Line': 'Ultrastar'}"
43,Crucial - X9 Pro 2TB External USB-C SSD - Space Gray,https://i.ebayimg.com/images/g/5vMAAOSwb9pnPpW7/s-l1600.webp,US $127.99,,Limited quantity available,"{'Condition': 'New: A brand-new, unused, unopened, undamaged item in its original packaging (where packaging is ...  Read moreabout the condition', 'Brand': 'Crucial', 'MPN': 'CT2000X9PROSSD9', 'UPC': '649528938350', 'Manufacturer Warranty': 'Yes', 'Warranty - Parts': '5-year limited warranty', 'Warranty - Labor': 'Not applicable', 'Type': 'N/A'}"
44,Crucial - X6 SE 2TB External USB-C/USB-A Portable SSD - Black,https://i.ebayimg.com/images/g/Hh0AAOSwpYNkbl~s/s-l1600.webp,US $109.99,,Limited quantity available,"{'Condition': 'New: A brand-new, unused, unopened, undamaged item in its original packaging (where packaging is ...  Read moreabout the condition', 'Brand': 'Crucial', 'MPN': 'CT2000X6SSD9SE', 'UPC': '649528906700', 'Manufacturer Warranty': 'Yes', 'Warranty - Parts': '3 years', 'Warranty - Labor': 'Not applicable', 'Type': 'N/A'}"
45,Seagate - One Touch with Password 2TB External USB 3.0 Portable Hard Drive wi...,https://i.ebayimg.com/images/g/2MMAAOSwe4pnPgky/s-l1600.webp,US $79.99,,Limited quantity available,"{'Condition': 'New: A brand-new, unused, unopened, undamaged item in its original packaging (where packaging is ...  Read moreabout the condition', 'Brand': 'Seagate', 'MPN': 'STKY2000400', 'UPC': '763649167656', 'Manufacturer Warranty': 'Yes', 'Warranty - Parts': '2 years', 'Warranty - Labor': '2 years', 'Type': 'External Hard Drives', 'Storage Capacity': '2000 gigabytes', 'Interface': 'USB Type A (USB 3.0 Gen1)', 'Color': 'Black'}"
46,Samsung - 990 PRO 1TB Internal SSD PCIe Gen 4x4 NVMe with Heatsink for PS5,https://i.ebayimg.com/images/g/VCYAAOSwzZtkjHYm/s-l1600.webp,US $109.99,,Limited quantity available,"{'Condition': 'New: A brand-new, unused, unopened, undamaged item in its original packaging (where packaging is ...  Read moreabout the condition', 'Brand': 'Samsung', 'MPN': 'MZ-V9P1T0CW', 'UPC': '887276656984', 'Manufacturer Warranty': 'Yes', 'Warranty - Parts': '5 Years', 'Warranty - Labor': '5 years', 'Type': 'N/A'}"
47,"Seagate Exos X16 16TB 256MB 7200rpm 3.5"" SATA 6Gb/s Hard Drive - ST16000NM001G",https://i.ebayimg.com/images/g/XkwAAOSwXQZm37hp/s-l1600.webp,US $179.99,,Limited quantity available,"{'Condition': 'New: A brand-new, unused, unopened, undamaged item in its original packaging (where packaging is ...  Read moreabout the condition', 'Color': 'Green', 'Features': 'Hot Plug Support', 'Product Line': 'SEAGATE', 'UPC': '0763649124147', 'Brand': 'Seagate', 'Compatible With': 'PC', 'Form Factor': '3.5 in', 'Type': 'Internal Desktop Drive', 'Read Speed': '440MB/s', 'Drive Type(s) Supported': 'HDD', 'Model': 'Seagate Exos X16', 'MPN': 'ST16000NM001G', 'Storage Capacity': '16 TB', 'Interface': 'SATA III', 'Cache': '256 MB', 'Rotation Speed': '7200 RPM'}"
48,"TOSHIBA 1TB MQ01ABD100V 5400RPM SATA 3.0Gb/s 2.5"" Internal Notebook Hard Drive",https://i.ebayimg.com/images/g/Sa0AAOSwA~ddEYS~/s-l400.webp,US $28.99,,Limited quantity available,"{'Condition': 'New: A brand-new, unused, unopened, undamaged item in its original packaging (where packaging is ...  Read moreabout the condition', 'Brand': 'Toshiba', 'Form Factor': '2.5 in', 'Type': 'Internal Laptop Drive', 'Model': 'MQ01ABD100V', 'MPN': 'MQ01ABD100V', 'Storage Capacity': '1 TB', 'Rotation Speed': '5400 RPM', 'Cache': '8MB', 'UPC': 'Does not apply'}"
49,Sleek BLUE 256GB BRAND NEW USB 2.0 Thumb Pen Flash Drive Memory Stick Storage,https://i.ebayimg.com/images/g/ZM8AAOSwl9BWJouS/s-l1600.webp,US $10.99,,Limited quantity available,"{'Condition': 'New: A brand-new, unused, unopened, undamaged item in its original packaging (where packaging is ...  Read moreabout the condition', 'USB Specification': 'USB 2.0', 'Type': 'Zip Drive', 'Color': 'Blue', 'MPN': 'Does Not Apply', 'Storage Capacity': '256GB', 'Brand': 'Unbranded/Generic', 'UPC': 'Does not apply'}"
50,SanDisk Cruzer Glide USB 3.0 16GB 32GB 64GB 128GB 256GB Flash Drive Thumb Memory,https://i.ebayimg.com/images/g/zGUAAOSwy6tiY2Rs/s-l960.webp,US $9.99/ea,,Limited quantity available,"{'Condition': 'New: A brand-new, unused, unopened, undamaged item in its original packaging (where packaging is ...  Read moreabout the condition', 'Brand': 'SanDisk', 'Type': 'USB Flash Drive', 'Interface': 'USB', 'Color': 'Black', 'Model': 'Cruzer Glide 3.0', 'MPN': 'SDCZ600', 'USB Specification': 'USB 3.0', 'Read Speed': '90 Mbps', 'Country/Region of Manufacture': 'China', 'Transfer Rate': '90 Mbps'}"
51,SanDisk Cruzer Glide USB 3.0 16GB 32GB 64GB 128GB 256GB Flash Drive Memory Lot,https://i.ebayimg.com/images/g/9aAAAOSwBrNii2iZ/s-l960.webp,US $9.99,,Limited quantity available,"{'Condition': 'New: A brand-new, unused, unopened, undamaged item in its original packaging (where packaging is ...  Read moreabout the condition', 'Brand': 'SanDisk', 'Type': 'USB Flash Drive', 'Interface': 'USB', 'Color': 'Black', 'Model': 'Cruzer Glide 3.0', 'MPN': 'SDCZ600', 'USB Specification': 'USB 3.0', 'Read Speed': '90 Mbps', 'Country/Region of Manufacture': 'China', 'Transfer Rate': '90 Mbps'}"
52,Seagate Expansion 14TB External Hard Drive HDD USB 3.0 STKP14000400,https://i.ebayimg.com/images/g/tZUAAOSwEfJl1RkF/s-l1600.webp,US $199.99/ea,,Limited quantity available,"{'Condition': 'New: A brand-new, unused, unopened, undamaged item in its original packaging (where packaging is ...  Read moreabout the condition', 'Drive Type(s) Supported': 'HDD', 'Storage Format': 'HDD Only', 'Features': 'Low Noise Level', 'UPC': '0763649160688', 'Compatible With': 'PC', 'USB Specification': 'USB 3.0', 'Color': 'Black', 'MPN': 'STKP14000400', 'Item Length': '7 in', 'Brand': 'Seagate', 'Form Factor': '3.5 in', 'Type': 'External Drive', 'Item Height': '7 in', 'Model': 'Seagate Expansion STKP14000400', 'Storage Capacity': '14 TB', 'Interface': 'USB', 'Product Line': 'Expansion'}"
53,Samsung - 990 PRO 4TB Internal SSD PCIe Gen 4x4 NVMe with Heatsink for PS5,https://i.ebayimg.com/images/g/ei4AAOSwPEJlmE5v/s-l1600.webp,US $289.99,,Limited quantity available,"{'Condition': 'New: A brand-new, unused, unopened, undamaged item in its original packaging (where packaging is ...  Read moreabout the condition', 'Brand': 'Samsung', 'MPN': 'MZ-V9P4T0CW', 'UPC': '887276750309', 'Manufacturer Warranty': 'Yes', 'Warranty - Parts': '5 Year', 'Warranty - Labor': '5 Year', 'Type': 'N/A'}"
54,2TB 128GB USB 2.0 Flash Drive Thumb U Disk Memory Stick Pen PC Laptop USA,https://i.ebayimg.com/images/g/jiUAAOSwvt9dVuE7/s-l1600.webp,US $9.99/ea,,Limited quantity available,"{'Condition': 'New: A brand-new, unused, unopened, undamaged item in its original packaging (where packaging is ...  Read moreabout the condition', 'Interface': 'USB', 'USB Specification': 'USB 2.0', 'Type': 'Zip Drive', 'Color': 'Black', 'MPN': 'Does Not Apply', 'Compatible With': 'Laptop, PC', 'Brand': 'Unbranded/Generic'}"
55,Avolusion HDDGEAR PRO X 8TB External Gaming Hard Drive for PS5 Game Console HDD,https://i.ebayimg.com/images/g/uoAAAOSwgHFiAVKR/s-l1600.webp,US $118.99,,Limited quantity available,"{'Condition': 'New: A brand-new, unused, unopened, undamaged item in its original packaging (where packaging is ...  Read moreabout the condition', 'Brand': 'Avolusion', 'Compatible With': 'PS5', 'Form Factor': '3.5 in', 'USB Specification': 'USB 3.0', 'Type': 'External Drive', 'Color': 'White', 'Model': 'PROXWH-8TB-PS5', 'MPN': 'PROXWH-8TB-PS5', 'Storage Capacity': '8TB', 'Interface': 'USB 3.0', 'Product Line': 'PRO-X'}"
56,SanDisk - 8TB Desk Drive USB Type-C Desktop External SSD - Black,https://i.ebayimg.com/images/g/clwAAOSwFSdnPpWq/s-l1600.webp,US $594.99,,Limited quantity available,"{'Condition': 'New: A brand-new, unused, unopened, undamaged item in its original packaging (where packaging is ...  Read moreabout the condition', 'Brand': 'SanDisk', 'MPN': 'SDSSDT40-8T00-NA25', 'UPC': '619659205805', 'Manufacturer Warranty': 'Yes', 'Warranty - Parts': '3-year Limited Warranty', 'Warranty - Labor': '3-year Limited Warranty', 'Type': 'N/A'}"
57,"2.5"" External USB Hard Drive Disk HDD Carry Case Cover Pouch Bag For Laptop PC ",https://i.ebayimg.com/images/g/7eAAAOSwKIhdqkI1/s-l1600.webp,US $5.99/ea,,Limited quantity available,"{'Condition': 'New: A brand-new, unused, unopened, undamaged item in its original packaging (where packaging is ...  Read moreabout the condition', 'Type': 'Case/Enclosure', 'Compatible Drive Size': '2.5"" Drive', 'MPN': 'Does not apply', 'Brand': 'Unbranded', 'UPC': 'Does not apply'}"
58,SanDisk Ultra Flair USB 3.0 Flash Drive Memory 16GB 32GB 64GB 128GB 256GB 512GB,https://i.ebayimg.com/images/g/QSEAAOSwV4xlKcuD/s-l400.webp,US $9.99,,Limited quantity available,"{'Condition': 'New: A brand-new, unused, unopened, undamaged item in its original packaging (where packaging is ...  Read moreabout the condition', 'Brand': 'SanDisk', 'Type': 'USB Drive', 'Color': 'Metallic', 'Model': 'Ultra Flair 3.0', 'MPN': 'SDCZ73', 'USB Specification': 'USB 3.0', 'Country/Region of Manufacture': 'China'}"
59,,https://i.ebayimg.com/images/g/g3wAAOSwO6BmyPHj/s-l400.webp,US $129.99,,Limited quantity available,"{'Condition': 'Excellent - Refurbished', 'Seller Notes': ""“Geek Squad's Certified refurbished products are repaired and/or restored to a like-new state by one ...  Read moreabout the seller notes"", 'Brand': 'Samsung', 'MPN': 'GSRF MZ-V9P2T0CW', 'UPC': '400065669882', 'Manufacturer Warranty': 'Yes', 'Warranty - Parts': '90 days', 'Warranty - Labor': '90 days', 'Type': 'N/A'}"
60,Samsung - 990 PRO 2TB Internal SSD PCIe Gen 4x4 NVMe with Heatsink for PS5,https://i.ebayimg.com/images/g/mR0AAOSwHCBkjHYj/s-l400.webp,US $169.99,,Limited quantity available,"{'Condition': 'New: A brand-new, unused, unopened, undamaged item in its original packaging (where packaging is ...  Read moreabout the condition', 'Brand': 'Samsung', 'MPN': 'MZ-V9P2T0CW', 'UPC': '887276656991', 'Manufacturer Warranty': 'Yes', 'Warranty - Parts': '5 Years', 'Warranty - Labor': '5 years', 'Type': 'N/A'}"
61,Samsung - T7 4TB External USB 3.2 Gen 2 Portable SSD with Hardware Encryption...,https://i.ebayimg.com/images/g/RSwAAOSw1fRmYN5k/s-l1600.webp,US $279.99,,Limited quantity available,"{'Condition': 'New: A brand-new, unused, unopened, undamaged item in its original packaging (where packaging is ...  Read moreabout the condition', 'Brand': 'Samsung', 'MPN': 'MU-PC4T0T/AM', 'UPC': '887276821740', 'Manufacturer Warranty': 'Yes', 'Warranty - Parts': '3-year', 'Warranty - Labor': '3-year', 'Type': 'N/A'}"
62,WD Ultrastar DC SA210 120GB SSD M.2 2280 Internal SSD SATA 6Gbps HBS3A1912A4M4B1,https://i.ebayimg.com/images/g/v2UAAOSwVKdnDbmc/s-l1600.webp,US $9.95,,Limited quantity available,"{'Condition': 'New: A brand-new, unused, unopened, undamaged item in its original packaging (where packaging is ...  Read moreabout the condition', 'Compatible With': 'Server, Enterprise', 'Color': 'Green', 'MPN': 'HBS3A1912A4M4B1', 'Brand': 'Western Digital', 'Form Factor': 'M.2 2280', 'Type': 'Internal SSD', 'Drive Type(s) Supported': 'Internal SSD', 'Model': 'HBS3A1912A4M4B1', 'Storage Format': 'SSD', 'Features': 'End-to-End Data Protection', 'Storage Capacity': '120 GB', 'Interface': 'M.2', 'Product Line': 'Ultrastar'}"
63,,https://i.ebayimg.com/images/g/5G8AAOSw2b1myPIB/s-l1600.webp,US $79.99,,Limited quantity available,"{'Condition': 'Excellent - Refurbished', 'Seller Notes': ""“Geek Squad's Certified refurbished products are repaired and/or restored to a like-new state by one ...  Read moreabout the seller notes"", 'Brand': 'Samsung', 'MPN': 'GSRF MZ-V9P1T0B/AM', 'UPC': '400065669899', 'Manufacturer Warranty': 'Yes', 'Warranty - Parts': '90 days', 'Warranty - Labor': '90 days', 'Type': 'N/A'}"
64,"Samsung - 990 EVO PLUS SSD 2TB, PCIe Gen 4x4 | 5x2 M.2 2280, Speeds Up to 7,2...",https://i.ebayimg.com/images/g/cz8AAOSwBpZnPRM-/s-l400.webp,US $139.99,,Limited quantity available,"{'Condition': 'New: A brand-new, unused, unopened, undamaged item in its original packaging (where packaging is ...  Read moreabout the condition', 'Brand': 'Samsung', 'MPN': 'MZ-V9S2T0B/AM', 'UPC': '887276843674', 'Manufacturer Warranty': 'Yes', 'Warranty - Parts': 'Five (5) Year Limited Warranty', 'Warranty - Labor': 'Five (5) Year Limited Warranty', 'Type': 'N/A'}"
65,Crucial - BX500 2TB Internal SSD SATA,https://i.ebayimg.com/images/g/9WAAAOSwHEhmz2TX/s-l400.webp,US $116.99,,Limited quantity available,"{'Condition': 'New: A brand-new, unused, unopened, undamaged item in its original packaging (where packaging is ...  Read moreabout the condition', 'Brand': 'Crucial', 'MPN': 'CT2000BX500SSD1', 'UPC': '649528821584', 'Manufacturer Warranty': 'Yes', 'Warranty - Parts': 'Limited 3-year warranty', 'Warranty - Labor': 'None', 'Type': 'N/A'}"
66,TEAMGROUP MS30 512GB & 1TB SSD w/ SLC Cache 3D NAND TLC M.2 2280 SATA3 6Gb/s,https://i.ebayimg.com/images/g/yIAAAOSwgr9mhFSj/s-l1600.webp,US $28.88/ea,,Limited quantity available,"{'Condition': 'New: A brand-new, unused, unopened, undamaged item in its original packaging (where packaging is ...  Read moreabout the condition', 'Compatible With': 'PC', 'Color': 'Black', 'Item Length': '3.14in.', 'Brand': 'Team Group', 'Form Factor': 'M.2 2280', 'Type': 'Internal SSD', 'Read Speed': '500MB/s', 'Drive Type(s) Supported': 'SSD (Solid State Drive)', 'Item Height': '0.13in.', 'Transfer Rate': '6 Gbps', 'Storage Format': 'SSD', 'Features': 'Low Noise Level, Removable, Shock Resistant', 'Storage Capacity': '512 GB, 1 TB', 'Item Width': '0.86in.', 'Interface': 'M.2, SATA III', 'Product Line': 'Team Group MS30'}"
67,Crucial - X9 2TB External USB-C SSD - Black,https://i.ebayimg.com/images/g/GqQAAOSwdE1nPpYB/s-l1600.webp,US $119.99,,Limited quantity available,"{'Condition': 'New: A brand-new, unused, unopened, undamaged item in its original packaging (where packaging is ...  Read moreabout the condition', 'Brand': 'Crucial', 'MPN': 'CT2000X9SSD9', 'UPC': '649528939357', 'Manufacturer Warranty': 'Yes', 'Warranty - Parts': '3-year limited warranty', 'Warranty - Labor': 'Not applicable', 'Type': 'N/A'}"
68,Seagate - IronWolf 8TB Internal SATA NAS Hard Drive with Rescue Data Recovery...,https://i.ebayimg.com/images/g/jGoAAOSwOYZd6qy7/s-l1600.webp,US $169.99,,Limited quantity available,"{'Condition': 'New: A brand-new, unused, unopened, undamaged item in its original packaging (where packaging is ...  Read moreabout the condition', 'Brand': 'Seagate', 'MPN': 'ST8000VNA04', 'UPC': '763649138311', 'Manufacturer Warranty': 'Yes', 'Warranty - Parts': '3 years', 'Warranty - Labor': '3 years', 'Type': 'N/A'}"
69,USB 2.0 3.5 inch Portable External Floppy Disk Drive 1.44Mb Reader FDD PC Laptop,https://i.ebayimg.com/images/g/ZM0AAOSwYBVkmgt2/s-l1600.webp,US $14.89,,Limited quantity available,"{'Condition': 'New: A brand-new, unused, unopened, undamaged item in its original packaging (where packaging is ...  Read moreabout the condition', 'Brand': 'Unbranded', 'Cable Length:': '15.74 in/40 cm', 'Color': 'Black', 'Compatible With': 'Laptop, Mac, PC', 'Custom Bundle': 'No', 'Features': 'Plug and Play', 'Form Factor': '3.5 in', 'Interface': 'USB', 'MPN': 'SD5RO44B6LW29', 'Type': 'External Drive', 'Writable Format': 'Floppy Disk', 'UPC': 'Does not apply'}"
70,Samsung - T7 2TB External USB 3.2 Gen 2 Portable SSD with Hardware Encryption...,https://i.ebayimg.com/images/g/09sAAOSwovNeztHK/s-l1600.webp,US $169.99,,Limited quantity available,"{'Condition': 'New: A brand-new, unused, unopened, undamaged item in its original packaging (where packaging is ...  Read moreabout the condition', 'Brand': 'Samsung', 'MPN': 'MU-PC2T0T/AM', 'UPC': '887276410807', 'Manufacturer Warranty': 'Yes', 'Warranty - Parts': 'Limited 3 year', 'Warranty - Labor': 'Limited 3 year', 'Type': 'N/A'}"
71,2TB 512GB USB Flash Drive Thumb U Disk Memory Stick Pen PC Laptop Storage USA,https://i.ebayimg.com/images/g/K6cAAOSwudBdVuxk/s-l1600.webp,US $9.99/ea,,Limited quantity available,"{'Condition': 'New: A brand-new, unused, unopened, undamaged item in its original packaging (where packaging is ...  Read moreabout the condition', 'Interface': 'USB', 'USB Specification': 'USB 2.0', 'Type': 'Zip Drive', 'Color': 'Blue', 'MPN': 'Does Not Apply', 'Compatible With': 'Laptop, PC', 'Brand': 'Unbranded/Generic'}"
72,Samsung - 870 EVO 4TB Internal SSD SATA,https://i.ebayimg.com/images/g/okoAAOSwyaBgotKE/s-l400.webp,US $284.99,,Limited quantity available,"{'Condition': 'New: A brand-new, unused, unopened, undamaged item in its original packaging (where packaging is ...  Read moreabout the condition', 'Brand': 'Samsung', 'MPN': 'MZ-77E4T0B/AM', 'UPC': '887276431956', 'Manufacturer Warranty': 'Yes', 'Warranty - Parts': '3 years', 'Warranty - Labor': '3 years', 'Type': 'N/A'}"
73,Crucial - P3 Plus 4TB Internal SSD PCIe Gen 4 x4 NVMe,https://i.ebayimg.com/images/g/HKwAAOSwQJdnPglH/s-l1600.webp,US $237.99,,Limited quantity available,"{'Condition': 'New: A brand-new, unused, unopened, undamaged item in its original packaging (where packaging is ...  Read moreabout the condition', 'Brand': 'Crucial', 'MPN': 'CT4000P3PSSD8', 'UPC': '649528918857', 'Manufacturer Warranty': 'Yes', 'Warranty - Parts': '5 years', 'Warranty - Labor': 'Not applicable', 'Type': 'N/A'}"
74,Samsung - 870 EVO 1TB Internal SSD SATA,https://i.ebayimg.com/images/g/cb8AAOSwgC5gPSup/s-l1600.webp,US $109.99,,Limited quantity available,"{'Condition': 'New: A brand-new, unused, unopened, undamaged item in its original packaging (where packaging is ...  Read moreabout the condition', 'Brand': 'Samsung', 'MPN': 'MZ-77E1T0B/AM', 'UPC': '887276431970', 'Manufacturer Warranty': 'Yes', 'Warranty - Parts': '3 years', 'Warranty - Labor': '3 years', 'Type': 'N/A'}"
75,WD - BLACK SN770 1TB Internal SSD PCIe Gen 4 x4,https://i.ebayimg.com/images/g/tOIAAOSwsyRmeuHt/s-l1600.webp,US $76.99,,Limited quantity available,"{'Condition': 'New: A brand-new, unused, unopened, undamaged item in its original packaging (where packaging is ...  Read moreabout the condition', 'Brand': 'WD', 'MPN': 'WDBBDL0010BNC-WRSN', 'UPC': '619659192518', 'Manufacturer Warranty': 'Yes', 'Warranty - Parts': '5 Years', 'Warranty - Labor': '5 years', 'Type': 'N/A'}"
76,Seagate - One Touch with Password 5TB External USB 3.0 Portable Hard Drive wi...,https://i.ebayimg.com/images/g/AEIAAOSwkMFnJfTy/s-l1600.webp,US $129.99,,Limited quantity available,"{'Condition': 'New: A brand-new, unused, unopened, undamaged item in its original packaging (where packaging is ...  Read moreabout the condition', 'Brand': 'Seagate', 'MPN': 'STKZ5000400', 'UPC': '763649167878', 'Manufacturer Warranty': 'Yes', 'Warranty - Parts': '2 years', 'Warranty - Labor': '2 years', 'Type': 'External Hard Drives', 'Storage Capacity': '5000 gigabytes', 'Interface': 'USB Type A (USB 3.0 Gen1)', 'Color': 'Black'}"
77,WD - BLACK SN770 2TB Internal SSD PCIe Gen 4 x4,https://i.ebayimg.com/images/g/OF8AAOSw9whmeuId/s-l400.webp,US $119.99,,Limited quantity available,"{'Condition': 'New: A brand-new, unused, unopened, undamaged item in its original packaging (where packaging is ...  Read moreabout the condition', 'Brand': 'WD', 'MPN': 'WDBBDL0020BNC-WRSN', 'UPC': '619659193720', 'Manufacturer Warranty': 'Yes', 'Warranty - Parts': '5 Years', 'Warranty - Labor': '5 years', 'Type': 'N/A'}"
78,Crucial - X10 Pro 1TB USB-C External SSD - Black,https://i.ebayimg.com/images/g/kHoAAOSwlDlnPpXi/s-l1600.webp,US $101.99,,Limited quantity available,"{'Condition': 'New: A brand-new, unused, unopened, undamaged item in its original packaging (where packaging is ...  Read moreabout the condition', 'Brand': 'Crucial', 'MPN': 'CT1000X10PROSSD9', 'UPC': '649528938381', 'Manufacturer Warranty': 'Yes', 'Warranty - Parts': '5-year limited warranty', 'Warranty - Labor': 'Not applicable', 'Type': 'N/A'}"
79,"WL 3TB 64MB Cache SATA 6.0Gb/s 3.5"" Internal Desktop Hard Drive -1 Year Warranty",https://i.ebayimg.com/images/g/-awAAOxy~dNRAecS/s-l960.webp,US $38.99/ea,,Limited quantity available,"{'Condition': 'New: A brand-new, unused, unopened, undamaged item in its original packaging (where packaging is ...  Read moreabout the condition', 'Model': 'WL3000GSA6457', 'Country/Region of Manufacture': 'Thailand', 'Interface': 'SATA III', 'Type': 'Internal Desktop Drive', 'Rotation Speed': '5400RPM', 'MPN': 'WL3000GSA6457', 'Storage Capacity': '3 TB', 'Cache': '64 MB', 'Brand': 'Unbranded/Generic', 'Form Factor': '3.5""', 'UPC': '8787583422406'}"
80,Crucial BX500 4TB SATA SSD,https://i.ebayimg.com/images/g/M28AAOSw0A9nPhCr/s-l1600.webp,US $209.99,,Limited quantity available,"{'Condition': 'New: A brand-new, unused, unopened, undamaged item in its original packaging (where packaging is ...  Read moreabout the condition', 'Brand': 'Crucial', 'MPN': 'CT4000BX500SSD1', 'UPC': '649528939593', 'Manufacturer Warranty': 'Yes', 'Warranty - Parts': 'Limited 3-year warranty', 'Warranty - Labor': 'None', 'Type': 'N/A'}"
81,LOT of 10 Mixed Brand WD/Samsung/SK Hynix 256Gb PCIe NVMe SSD M.2 2280 Drive,https://i.ebayimg.com/images/g/kEgAAOSw-jhiTc2R/s-l400.webp,US $138.57,(44% off),Limited quantity available,"{'Condition': 'Open box: An item in excellent, new condition with no wear. The item may be missing the original ...  Read moreabout the condition', 'Interface': 'M.2, NVME', 'Drive Type(s) Supported': 'SSD (Solid State Drive)', 'Type': 'Internal SSD', 'Compatible With': 'Laptop, PC', 'Storage Capacity': '256 GB', 'Brand': 'Random', 'UPC': 'Does not apply'}"
82,,https://i.ebayimg.com/images/g/ksIAAOSw3ppl1izX/s-l1600.webp,US $94.99,,Limited quantity available,"{'Condition': 'Excellent - Refurbished', 'Seller Notes': ""“Geek Squad's Certified refurbished products are repaired and/or restored to a like-new state by one ...  Read moreabout the seller notes"", 'Brand': 'Samsung', 'MPN': 'GSRF MU-PG1T0B/AM', 'UPC': '400065710638', 'Manufacturer Warranty': 'Yes', 'Warranty - Parts': '90 days', 'Warranty - Labor': '90 days', 'Type': 'N/A'}"
83,,https://i.ebayimg.com/images/g/eOAAAOSwtJBmyPKV/s-l1600.webp,US $89.99,,Limited quantity available,"{'Condition': 'Excellent - Refurbished', 'Seller Notes': ""“Geek Squad's Certified refurbished products are repaired and/or restored to a like-new state by one ...  Read moreabout the seller notes"", 'Brand': 'Samsung', 'MPN': 'GSRF MZ-V9P1T0CW', 'UPC': '400065669905', 'Manufacturer Warranty': 'Yes', 'Warranty - Parts': '90 days', 'Warranty - Labor': '90 days', 'Type': 'N/A'}"
84,WD - BLACK SN850P 1TB Internal SSD PCIe Gen 4 x4 with Heatsink for PS5,https://i.ebayimg.com/images/g/ahkAAOSwzFFmu29L/s-l400.webp,US $119.99,,Limited quantity available,"{'Condition': 'New: A brand-new, unused, unopened, undamaged item in its original packaging (where packaging is ...  Read moreabout the condition', 'Brand': 'WD', 'MPN': 'WDBBYV0010BNC-WRSN', 'UPC': '619659198053', 'Manufacturer Warranty': 'Yes', 'Warranty - Parts': '5 years', 'Warranty - Labor': '5 years', 'Type': 'N/A'}"
85,WD - BLACK SN770M 2TB Internal SSD PCIe Gen 4 x4 M.2 2230 for ROG Ally and St...,https://i.ebayimg.com/images/g/2iMAAOSwykZnPpWe/s-l1600.webp,US $199.99,,Limited quantity available,"{'Condition': 'New: A brand-new, unused, unopened, undamaged item in its original packaging (where packaging is ...  Read moreabout the condition', 'Brand': 'WD', 'MPN': 'WDBDNH0020BBK-WRSN', 'UPC': '619659207236', 'Manufacturer Warranty': 'Yes', 'Warranty - Parts': '5 Years', 'Warranty - Labor': '5 years', 'Type': 'N/A'}"
86,SanDisk - Extreme Portable 1TB External USB-C NVMe SSD - Black,https://i.ebayimg.com/images/g/tZUAAOSwsR5ff0qM/s-l1600.webp,US $99.99,,Limited quantity available,"{'Condition': 'New: A brand-new, unused, unopened, undamaged item in its original packaging (where packaging is ...  Read moreabout the condition', 'Brand': 'SanDisk', 'MPN': 'SDSSDE61-1T00-G25', 'UPC': '619659182557', 'Manufacturer Warranty': 'Yes', 'Warranty - Parts': '5 Years', 'Warranty - Labor': '5 years', 'Type': 'N/A'}"
87,Crucial - X9 1TB External USB-C SSD - Black,https://i.ebayimg.com/images/g/TVsAAOSwyUhnPpXt/s-l400.webp,US $67.99,,Limited quantity available,"{'Condition': 'New: A brand-new, unused, unopened, undamaged item in its original packaging (where packaging is ...  Read moreabout the condition', 'Brand': 'Crucial', 'MPN': 'CT1000X9SSD9', 'UPC': '649528939333', 'Manufacturer Warranty': 'Yes', 'Warranty - Parts': '3-year limited warranty', 'Warranty - Labor': 'Not applicable', 'Type': 'N/A'}"
88,Samsung - 870 EVO 2TB Internal SSD SATA,https://i.ebayimg.com/images/g/SuQAAOSw5xBgfbFo/s-l400.webp,US $169.99,,Limited quantity available,"{'Condition': 'New: A brand-new, unused, unopened, undamaged item in its original packaging (where packaging is ...  Read moreabout the condition', 'Brand': 'Samsung', 'MPN': 'MZ-77E2T0B/AM', 'UPC': '887276431963', 'Manufacturer Warranty': 'Yes', 'Warranty - Parts': '3 years', 'Warranty - Labor': '3 years', 'Type': 'N/A'}"
89,Crucial - X10 Pro 2TB USB-C External SSD - Black,https://i.ebayimg.com/images/g/5SEAAOSwZyJnPhKM/s-l1600.webp,US $152.99,,Limited quantity available,"{'Condition': 'New: A brand-new, unused, unopened, undamaged item in its original packaging (where packaging is ...  Read moreabout the condition', 'Brand': 'Crucial', 'MPN': 'CT2000X10PROSSD9', 'UPC': '649528938428', 'Manufacturer Warranty': 'Yes', 'Warranty - Parts': '5-year limited warranty', 'Warranty - Labor': 'Not applicable', 'Type': 'N/A'}"
90,Crucial - P310 2TB Internal SSD PCIe Gen 4 x4 NVMe M.2,https://i.ebayimg.com/images/g/UiwAAOSwgodnPRZg/s-l1600.webp,US $124.99,,Limited quantity available,"{'Condition': 'New: A brand-new, unused, unopened, undamaged item in its original packaging (where packaging is ...  Read moreabout the condition', 'Brand': 'Crucial', 'MPN': 'CT2000P310SSD8', 'UPC': '649528942241', 'Manufacturer Warranty': 'Yes', 'Warranty - Parts': '5-year limited warranty', 'Warranty - Labor': 'None', 'Type': 'N/A'}"
91,Samsung - T7 Shield 1TB External USB 3.2 Gen 2 Rugged SSD IP65 Water Resistan...,https://i.ebayimg.com/images/g/UIcAAOSwWB5nMnLD/s-l1600.webp,US $109.99,,Limited quantity available,"{'Condition': 'New: A brand-new, unused, unopened, undamaged item in its original packaging (where packaging is ...  Read moreabout the condition', 'Brand': 'Samsung', 'MPN': 'MU-PE1T0R/AM', 'UPC': '887276545639', 'Manufacturer Warranty': 'Yes', 'Warranty - Parts': '3 years', 'Warranty - Labor': '3 years', 'Type': 'N/A'}"
92,Crucial MX500 1TB 3D NAND SATA 2.5 Inch up to 560MB/s SSD CT1000MX500SSD1,https://i.ebayimg.com/images/g/lQQAAOSwtYlfMvE-/s-l1600.webp,US $86.99/ea,,Limited quantity available,"{'Condition': 'New: A brand-new, unused, unopened, undamaged item in its original packaging (where packaging is ...  Read moreabout the condition', 'Compatible With': 'PC', 'GTIN': '0689852898715, 0649528785060', 'Read Speed': '560MB/s', 'Manufacturer Warranty': '5 years', 'Color': 'Blue', 'Write Speed': 'up to 510 MB/s', 'Product Line': 'MX500', 'UPC': '0649528785060', 'Brand': 'Crucial', 'Form Factor': '25.in.', 'Type': 'Internal SSD', 'Model': 'MX500', 'MPN': 'CT1000MX500SSD1', 'Features': 'Easy Installation', 'Storage Capacity': '1TB', 'Interface': 'SATA III'}"
93,Crucial - X9 Pro 1TB External USB-C SSD - Space Gray,https://i.ebayimg.com/images/g/v~cAAOSwmu5nPpWT/s-l1600.webp,US $84.99,,Limited quantity available,"{'Condition': 'New: A brand-new, unused, unopened, undamaged item in its original packaging (where packaging is ...  Read moreabout the condition', 'Brand': 'Crucial', 'MPN': 'CT1000X9PROSSD9', 'UPC': '649528938367', 'Manufacturer Warranty': 'Yes', 'Warranty - Parts': '5-year limited warranty', 'Warranty - Labor': 'Not applicable', 'Type': 'N/A'}"
94,Samsung - 870 EVO 500GB Internal SSD SATA,https://i.ebayimg.com/images/g/vgkAAOSwySNgPSwT/s-l1600.webp,US $54.99,,Limited quantity available,"{'Condition': 'New: A brand-new, unused, unopened, undamaged item in its original packaging (where packaging is ...  Read moreabout the condition', 'Brand': 'Samsung', 'MPN': 'MZ-77E500B/AM', 'UPC': '887276431987', 'Manufacturer Warranty': 'Yes', 'Warranty - Parts': '3 years', 'Warranty - Labor': '3 years', 'Type': 'N/A'}"
95,,https://i.ebayimg.com/images/g/WfYAAOSw8R9nL7T6/s-l400.webp,US $45.90,(77% off),Limited quantity available,"{'Condition': 'Certified - Refurbished: The item is in pristine, like-new condition. It has been professionally ...  Read moreabout the condition', 'Brand': 'Samsung', 'MPN': 'SAMZ-V6P512BW-S', 'UPC': '040962872765', 'Manufacturer': 'Samsung', 'Type': 'Portable External SSD'}"
